"","aptnm","지번주소","위도","경도"
"1","신반포청구"," 잠원동 63-2","37.5141394987212","127.008452668417"
"2","은빛1단지"," 상계동 1255","37.6810986070578","127.053755380663"
"3","금호베스트빌1"," 서빙고동 296","37.5228580868465","126.991973730982"
"4","신현대12차"," 압구정동 434","37.5289291939725","127.024109041617"
"5","관악푸르지오"," 봉천동 1717","37.4873112715491","126.960864947013"
"6","벽산"," 상계동 173-1","37.6614531070852","127.072881636874"
"7","삼풍아파트"," 서초동 1685","37.4985439919823","127.015613076104"
"8","인우"," 목동 771-31","37.534659314458","126.868866148247"
"9","상계불암대림"," 상계동 1289","37.6632119870925","127.077155698333"
"10","상계주공3(고층)"," 상계동 730-2","37.6523851714328","127.060626929817"
"11","마곡13단지힐스테이트마스터"," 마곡동 748","37.5577909438278","126.818287770104"
"12","수서"," 일원동 711","37.4926342499883","127.090283572636"
"13","Air Palace(619-7)"," 방화동 619-7","37.5627038613922","126.807521756752"
"14","우정에쉐르"," 정릉동 1033","37.6000207685188","127.010672609588"
"15","두산"," 석관동 10","37.6126556534515","127.068705662251"
"16","마곡엠밸리8단지"," 마곡동 741","37.5639536123299","126.819605455478"
"17","은빛1단지"," 상계동 1255","37.6810986070578","127.053755380663"
"18","효성1","당산동5가 12","37.5306853897339","126.901736136001"
"19","방학동삼성래미안1"," 방학동 720-18","37.6669775389205","127.047276059135"
"20","서초트라팰리스"," 서초동 1344-13","37.4868225738071","127.028382204111"
"21","한진"," 개봉동 478","37.4846795429977","126.851939768222"
"22","상계주공10(고층)"," 상계동 666","37.6630145873682","127.055709518101"
"23","상계주공9(고층)"," 상계동 670","37.6630564349529","127.060031297398"
"24","강남데시앙포레"," 수서동 559","37.4809597959647","127.091228732871"
"25","경남2"," 고척동 306","37.5043353109062","126.856802204555"
"26","금호어울림(580)"," 망우동 580","37.6022199011735","127.109269400548"
"27","벽산블루밍2단지"," 신월동 1023","37.5136240359991","126.841496388784"
"28","건영"," 하계동 271-3","37.6354452993831","127.064243687991"
"29","보람2단지"," 상계동 639","37.6661826658174","127.064948745871"
"30","현대파크"," 내발산동 675","37.5535762545561","126.837637466629"
"31","주성아트빌"," 문정동 61-11","37.4856599966937","127.124146379739"
"32","쌍용"," 창동 807","37.6597477570553","127.048043148301"
"33","정릉스카이 쌍용 아파트"," 정릉동 1014","37.5995593887366","127.016729758853"
"34","성안마을청구"," 성내동 295","37.5317120804393","127.124531649095"
"35","가양2단지(성지)"," 가양동 1461","37.5704957193283","126.847174411361"
"36","남서울힐스테이트"," 시흥동 1026","37.4477871989419","126.900966570969"
"37","관악푸르지오"," 봉천동 1717","37.4873112715491","126.960864947013"
"38","올림픽훼밀리타운"," 문정동 150","37.4885199252165","127.114377260406"
"39","성호메이플라워멤버스빌"," 구로동 104-9","37.4969004814267","126.891373669998"
"40","삼형"," 문정동 96-12","37.4837896600392","127.129375938318"
"41","강서힐스테이트"," 화곡동 1165","37.5467408660411","126.840035331251"
"42","우성(23)"," 구로동 23","37.5039690303261","126.889025179127"
"43","서초우방유쉘"," 서초동 1560-9","37.4897535465839","127.011210173415"
"44","상암월드컵파크5단지"," 상암동 1658","37.5802112884678","126.885970559624"
"45","신동아"," 행당동 344","37.5543710515072","127.032836890544"
"46","래미안장안"," 장안동 354-2","37.566445230313","127.072426877432"
"47","상아1차아파트"," 창동 299","37.6540057213893","127.042366397692"
"48","문래동삼환","문래동4가 43","37.513769607961","126.88949840102"
"49","상계주공4(고층)"," 상계동 749-5","37.6500654838418","127.062217257976"
"50","학여울청구"," 하계동 354","37.636349632113","127.061339558817"
"51","신내6대주"," 신내동 650","37.6152619825876","127.091014257029"
"52","목동2차아이파크"," 목동 758-2","37.5367199315549","126.870773219155"
"53","마곡엠밸리4단지"," 마곡동 738","37.568908134597","126.824232519697"
"54","거여4단지"," 거여동 293","37.4893221464139","127.143843840676"
"55","오류동푸르지오"," 오류동 346","37.4916084758634","126.841527883195"
"56","거여5단지"," 거여동 294","37.4888423797669","127.145300427878"
"57","장미(시영6)"," 하계동 273","37.6337021175518","127.067865375948"
"58","래미안퍼스티지"," 반포동 18-1","37.502931388892","126.9992463413"
"59","송파파인타운3단지"," 장지동 849","37.4838849061894","127.132938562438"
"60","동아에코빌"," 상월곡동 101","37.6078992370885","127.045423992015"
"61","알파임하우스1"," 신사동 649-5","37.5253231315508","127.035168502395"
"62","경남"," 신길동 67-1","37.5156952809645","126.918489883562"
"63","삼성산주공(주공3단지)"," 신림동 1714","37.46250743022","126.926129237992"
"64","거여1단지"," 거여동 290","37.4909745878818","127.144586186705"
"65","신림큐브"," 신림동 1421-1","37.4855860298558","126.932054229593"
"66","경남레이크파크"," 송파동 32-1","37.5097099245285","127.105710627149"
"67","강남데시앙포레"," 수서동 559","37.4809597959647","127.091228732871"
"68","아이파크"," 신정동 1296","37.5216476033758","126.872160531588"
"69","해태"," 공항동 1371","37.5636765282958","126.815794483391"
"70","한라"," 도림동 231-1","37.5075483587484","126.897497023569"
"71","성원(사슴4)"," 월계동 322-1","37.6294157509446","127.062513840528"
"72","금호(1차)"," 신림동 1705","37.4651611978444","126.937736894087"
"73","그랜드아이파크"," 화곡동 1095","37.5548546834697","126.851250232655"
"74","동성4"," 신내동 591","37.6067265670772","127.096444206008"
"75","목련타운"," 일원동 716","37.4848511921735","127.085276881942"
"76","상계주공11(고층)"," 상계동 652","37.6658310008746","127.055820883513"
"77","강변"," 가양동 1475","37.5652163063579","126.855667621933"
"78","강서힐스테이트"," 화곡동 1165","37.5467408660411","126.840035331251"
"79","한신"," 도봉동 30-1","37.6857374077837","127.048060587395"
"80","엘에이치강남아이파크"," 자곡동 602","37.4746603609888","127.101432102834"
"81","라이프씨티"," 신사동 354","37.6023769484839","126.90533606194"
"82","태강아파트"," 공릉동 81","37.6236489350667","127.083557738377"
"83","럭키남서울아파트"," 시흥동 1002-1","37.4504759758931","126.899439923534"
"84","개봉동현대아이파크"," 개봉동 489","37.4900606508744","126.85978624525"
"85","시영2단지(라이프)아파트"," 공릉동 707","37.6305877904328","127.066724120963"
"86","한진"," 개봉동 478","37.4846795429977","126.851939768222"
"87","신현대"," 회기동 65","37.5896046831577","127.051822428181"
"88","래미안도봉"," 도봉동 655","37.6794935934997","127.046578551654"
"89","진로,미주아파트"," 등촌동 701","37.559838467768","126.847028675022"
"90","한라"," 우면동 67","37.4715308560823","127.025890636987"
"91","우성"," 묵동 245-64","37.6067886910324","127.077148229589"
"92","두산"," 석관동 10","37.6126556534515","127.068705662251"
"93","두산","금호동3가 1331","37.5500382701277","127.016217362383"
"94","코오롱"," 석관동 405","37.606282766343","127.065717692893"
"95","월곡두산위브"," 하월곡동 222","37.607033098723","127.038365407563"
"96","삼성청담공원아파트"," 청담동 60","37.5224202022399","127.050536317213"
"97","수정"," 신정동 733-31","37.512326188499","126.842070103124"
"98","남가좌동현대"," 남가좌동 376","37.5749918612212","126.920125943504"
"99","이편한세상 보문","보문동3가 230","37.5826754585576","127.015840868484"
"100","갑을"," 풍납동 214-6","37.5351465385321","127.112570039664"
"101","문정시영"," 문정동 145","37.4905977165307","127.135446483827"
"102","삼성래미안"," 사당동 1133","37.4890992307068","126.970474216959"
"103","미성"," 하계동 280","37.634682675193","127.069541310656"
"104","반포자이"," 반포동 20-43","37.5063518132638","127.011034636758"
"105","현대"," 옥수동 4","37.5436917758825","127.018895964412"
"106","레이크팰리스"," 잠실동 44","37.5092678396302","127.094277269984"
"107","마곡힐스테이트"," 마곡동 725-1","37.5640310805878","126.817833791526"
"108","타워팰리스3"," 도곡동 467-29","37.4873363055886","127.052829715042"
"109","휘경베스트빌현대"," 휘경동 52","37.5816647278231","127.074189400955"
"110","정릉성원아파트 101동, 102동"," 정릉동 1019","37.6065021367371","127.008389043126"
"111","타워팰리스1"," 도곡동 467","37.4882232479436","127.054439125962"
"112","상도두산위브"," 상도동 529","37.5046327696867","126.94332525587"
"113","LIG 대학마을(건영아파트3차)"," 신림동 1703-1","37.4668458417824","126.942587158553"
"114","힐스테이트","성수동2가 843","37.5412343020006","127.052138909865"
"115","갈현현대"," 구산동 382","37.6130165932898","126.905613429723"
"116","백련산힐스테이트1차"," 응암동 759","37.5924138318716","126.925226536648"
"117","트리지움"," 잠실동 35","37.5099174003709","127.091143733839"
"118","한신아파트"," 독산동 1093-4","37.4565209738324","126.88803052732"
"119","신내"," 묵동 13","37.6164130659246","127.08487405604"
"120","서초아트자이"," 서초동 1583-10","37.4857140230717","127.01156663881"
"121","동아에코빌"," 상월곡동 101","37.6078992370885","127.045423992015"
"122","극동"," 옥수동 428","37.5433115020991","127.011630637835"
"123","행당 한진타운"," 행당동 346","37.5558804553964","127.029207383318"
"124","동양파라곤"," 논현동 245","37.5147469578798","127.038136684255"
"125","행당 한진타운"," 행당동 346","37.5558804553964","127.029207383318"
"126","가락미륭아파트"," 가락동 138","37.4937946759827","127.128586141162"
"127","신내대림"," 묵동 20","37.6160515822467","127.088201260977"
"128","성산시영(선경)"," 성산동 446","37.5721152959697","126.901892164797"
"129","백련산힐스테이트1차"," 응암동 759","37.5924138318716","126.925226536648"
"130","동양파라곤"," 군자동 360-20","37.5485572754677","127.070202436432"
"131","대림1"," 망원동 496","37.553433582502","126.90485489938"
"132","송파파크데일1단지"," 마천동 582","37.4989573942833","127.159109968729"
"133","석촌호수효성해링턴타워"," 석촌동 24-3","37.5065627773963","127.10037230504"
"134","한진"," 개봉동 478","37.4846795429977","126.851939768222"
"135","목동신시가지9"," 신정동 312","37.5185420579875","126.862404579736"
"136","동보수목원(16-36)"," 항동 16-36","37.4855718547383","126.820867894574"
"137","목동삼성쉐르빌Ⅱ"," 신정동 318-12","37.5216248301342","126.870444393884"
"138","래미안 옥수 리버젠"," 옥수동 561","37.5451371536209","127.013714834954"
"139","길음뉴타운4단지(e편한세상)"," 길음동 1281","37.6120673819839","127.019648869071"
"140","삼성서초가든스위트"," 서초동 1326","37.4941335729758","127.026244690732"
"141","목동신시가지14"," 신정동 329","37.5161909461632","126.870337507112"
"142","태솔에버빌"," 수유동 52-30","37.6316297720852","127.020873232338"
"143","더메디치"," 오류동 350","37.4879733799652","126.830064811434"
"144","삼성래미안"," 신길동 4934","37.5053661207157","126.915348177676"
"145","진흥아파트"," 서초동 1315","37.4973456019219","127.022614070225"
"146","래미안위브"," 답십리동 1003","37.5720377764558","127.053951855019"
"147","신안네트빌1단지"," 방화동 868","37.5710588449288","126.810174645333"
"148","신림큐브"," 신림동 1421-1","37.4855860298558","126.932054229593"
"149","방화3차태승훼미리"," 방화동 889","37.5680313599731","126.808467466217"
"150","은평뉴타운엘크루"," 진관동 65","37.6426883268634","126.921209346327"
"151","동양1차"," 휘경동 115","37.592585958542","127.067695090086"
"152","현대5","당산동4가 30-1","37.5296404475771","126.900812746942"
"153","11650-4103"," 신원동  ","37.4440189779747","127.062170998757"
"154","창동2차현대"," 창동 815","37.6610336966577","127.046089315065"
"155","두산"," 봉천동 1708","37.4845267749186","126.942894626699"
"156","남청파인힐"," 응암동 742-3","37.5840304729144","126.91600494024"
"157","서초포레스타6단지"," 신원동 619","37.4500131157692","127.05574623593"
"158","성원상떼빌"," 상계동 1283","37.6603694861932","127.065851927214"
"159","은평뉴타운상림마을(롯데캐슬A-12)"," 진관동 20","37.6419845917915","126.922606227427"
"160","엘에이치강남아이파크"," 자곡동 602","37.4746603609888","127.101432102834"
"161","관악산벽산타운5"," 시흥동 1013","37.4479160600139","126.918442104095"
"162","길음뉴타운5단지(래미안)"," 길음동 1282","37.6096855257791","127.020710239187"
"163","가우디트윈캐슬2"," 장안동 374-8","37.5681962043015","127.068382728879"
"164","FIRSTVIEW"," 수유동 274-3","37.6476588032449","127.015156537494"
"165","한마을"," 개봉동 476","37.4952644521652","126.862501576596"
"166","월드메르디앙"," 묵동 392","37.6130203926036","127.073460788051"
"167","은평뉴타운상림마을(푸르지오C-6)"," 진관동 1","37.6492243049648","126.930330570768"
"168","삼성래미안"," 종암동 80","37.6009876756256","127.030155293619"
"169","동익파크(355-95)"," 구산동 355-95","37.6145898381894","126.906783485647"
"170","유원도봉"," 도봉동 83","37.6818316372914","127.050296120815"
"171","한솔솔파크"," 대림동 1123","37.4873873070059","126.899432755484"
"172","마포자이2차"," 대흥동 804","37.5491854152852","126.942013806591"
"173","삼익"," 수서동 708","37.4891612481309","127.100945930371"
"174","장미"," 방화동 841","37.5742998188535","126.81749374049"
"175","관악푸르지오"," 봉천동 1717","37.4873112715491","126.960864947013"
"176","은평뉴타운상림마을(현대아이파크B-14)"," 진관동 10","37.6424032153905","126.931075917531"
"177","신대방경남"," 신대방동 712","37.4894876099441","126.908593434869"
"178","상계주공14(고층)"," 상계동 626","37.6691340218574","127.057453609395"
"179","청솔"," 방화동 832","37.5756309765944","126.812965285254"
"180","상계주공7(고층)"," 상계동 691","37.6601571577107","127.06230852474"
"181","대우푸르지오"," 응암동 176","37.5974154551923","126.926148375621"
"182","삼성동힐스테이트 1단지"," 삼성동 16-2","37.5163062400657","127.048447159747"
"183","성호메이플라워멤버스빌"," 구로동 104-9","37.4969004814267","126.891373669998"
"184","한신휴플러스(1280-1)"," 구로동 1280-1","37.4878141452639","126.889868169002"
"185","문정푸르지오"," 문정동 18","37.4868780773275","127.128105384944"
"186","장안현대홈타운(336)"," 장안동 336","37.569725659288","127.074606226438"
"187","쌍용"," 창동 807","37.6597477570553","127.048043148301"
"188","주공5"," 등촌동 695","37.5604516606831","126.84486883674"
"189","신내두산"," 묵동 20","37.6160515822467","127.088201260977"
"190","주공아파트 5단지"," 잠실동 27","37.5143684588228","127.09298211452"
"191","브라운스톤쌍문"," 쌍문동 729","37.6473174834297","127.029200092887"
"192","보람1단지"," 상계동 639","37.6661826658174","127.064948745871"
"193","광진트라팰리스"," 자양동 854","37.5318922601242","127.067948157119"
"194","대림e-편한세상"," 방화동 874","37.5701011122966","126.808182800069"
"195","벽산3"," 시흥동 1006","37.4531329985761","126.917763976913"
"196","목동신시가지4"," 목동 904","37.5319318273523","126.871591433831"
"197","올림픽카운티"," 방이동 51-4","37.5149227018459","127.114485862279"
"198","관악산휴먼시아 2단지"," 신림동 1735","37.4591090840362","126.920038790033"
"199","대림e-편한세상"," 행당동 347","37.5579017106154","127.02711847087"
"200","신내"," 묵동 13","37.6164130659246","127.08487405604"
"201","꿈의숲푸르지오"," 하월곡동 228","37.6107702871516","127.038993186153"
"202","꿈의숲푸르지오"," 하월곡동 228","37.6107702871516","127.038993186153"
"203","보람"," 내발산동 686-1","37.5533067656633","126.831780032578"
"204","마포중동현대"," 중동 392","37.5711389667522","126.906884530156"
"205","삼익선경"," 하계동 255-1","37.6390650104838","127.077028750266"
"206","타워팰리스3"," 도곡동 467-29","37.4873363055886","127.052829715042"
"207","천왕이펜하우스4단지"," 천왕동 273","37.4806068586758","126.837972197254"
"208","현대2","문래동6가 45","37.5204421670599","126.882860836863"
"209","덕현중앙타워빌"," 내발산동 676-12","37.5527525144003","126.83799562336"
"210","세양청마루"," 답십리동 997","37.5736828896399","127.065549232177"
"211","현대2","문래동6가 45","37.5204421670599","126.882860836863"
"212","벽산"," 신내동 437","37.6031447617528","127.100029125472"
"213","관악산벽산타운5"," 시흥동 1013","37.4479160600139","126.918442104095"
"214","우방2","성수동2가 286","37.5484499945307","127.051841904023"
"215","남서울힐스테이트"," 시흥동 1026","37.4477871989419","126.900966570969"
"216","코업스타클래스"," 하월곡동 46-73","37.6018209875066","127.04044516674"
"217","방이금호어울림"," 방이동 157","37.5125204304047","127.118251531872"
"218","래미안이문2차"," 이문동 311","37.5935265008564","127.060218054769"
"219","유한오크팰리스"," 항동 234","37.4854724565808","126.819849279989"
"220","성산월드타운대림"," 성산동 601","37.569343987133","126.908243398976"
"221","목동신시가지3"," 목동 903","37.534359239478","126.872949042002"
"222","가양2단지(성지)"," 가양동 1461","37.5704957193283","126.847174411361"
"223","한신동성"," 하계동 256-5","37.6398090940931","127.075557282958"
"224","관악푸르지오"," 봉천동 1717","37.4873112715491","126.960864947013"
"225","상계주공7(고층)"," 상계동 691","37.6601571577107","127.06230852474"
"226","래미안세레니티"," 종암동 133","37.5992448373509","127.031050089448"
"227","상암월드컵파크4단지"," 상암동 1655","37.5776864156328","126.888688773185"
"228","서초포레스타3단지"," 신원동 568","37.4547927807654","127.058783958518"
"229","부영"," 등촌동 691-3","37.5635578457422","126.843641011129"
"230","은평뉴타운 기자촌11단지"," 진관동 150","37.6363231544427","126.934653753628"
"231","삼성"," 도곡동 161","37.488629639007","127.046324549162"
"232","한강쌍용"," 본동 150","37.5122226914266","126.953068073811"
"233","태솔아파트2차"," 장안동 346-2","37.5689663103654","127.070785744701"
"234","타워팰리스3"," 도곡동 467-29","37.4873363055886","127.052829715042"
"235","경남아너스빌"," 신정동 1307","37.5181333331182","126.871496196265"
"236","한인트윈빌"," 연희동 717-29","37.5767961643514","126.930629046545"
"237","현대8차(성수현대:91~95동)"," 압구정동 481","37.5312147011021","127.035439289396"
"238","대림e-편한세상"," 이문동 225","37.6045229147922","127.064973013617"
"239","거성파스텔","양평동3가 90-1","37.5314993906787","126.891879015082"
"240","강남엘에이치1단지"," 세곡동 579","37.4667907761882","127.10286961908"
"241","홍릉동부"," 청량리동 212","37.5861309914234","127.046191864357"
"242","인택스파크뷰"," 성내동 448-17","37.5237641687557","127.130619629848"
"243","꿈의숲대명루첸아파트"," 장위동 317","37.6205468770084","127.047001861835"
"244","관악산벽산타운5"," 시흥동 1013","37.4479160600139","126.918442104095"
"245","도곡렉슬"," 도곡동 527","37.4935418220116","127.050547158351"
"246","송파파인타운10단지"," 장지동 856","37.4776233414919","127.130519946276"
"247","청솔"," 방화동 832","37.5756309765944","126.812965285254"
"248","공릉 해링턴플레이스"," 공릉동 106","37.627737624921","127.086908237543"
"249","덕현해밀"," 용답동 252","37.5646311457744","127.053149788091"
"250","에이아이디차관주택"," 반포동 968","37.5006735958643","126.991233553078"
"251","무궁화"," 역촌동 62-16","37.6048703558046","126.914805544387"
"252","종암에스케이"," 종암동 104-1","37.6011857517073","127.036988885164"
"253","삼익"," 수서동 708","37.4891612481309","127.100945930371"
"254","아이파크"," 신정동 1296","37.5216476033758","126.872160531588"
"255","풍림2"," 홍은동 453-2","37.593375689781","126.943080365457"
"256","정릉힐스테이트"," 정릉동 1025","37.6028250097742","127.015555006077"
"257","상암월드컵파크2단지"," 상암동 1637","37.5748398903005","126.891577074081"
"258","가락(1차)쌍용아파트"," 가락동 140","37.4955429569204","127.128117809357"
"259","마곡삼성아파트"," 방화동 857","37.5721265574081","126.822174479428"
"260","신동아"," 서빙고동 241-21","37.5180979697285","126.987501145071"
"261","동아그린","성수동1가 708","37.5509020576675","127.048016199008"
"262","백련산힐스테이트3차"," 응암동 761","37.5879819422276","126.924098065224"
"263","에이아이디차관주택"," 반포동 968","37.5006735958643","126.991233553078"
"264","수락한신"," 상계동 1277","37.6738366111389","127.060133723949"
"265","현대그린","성수동1가 33-2","37.5407234873627","127.05035766918"
"266","새티스"," 서초동 1435-2","37.4846665281542","127.024016116971"
"267","반포자이"," 반포동 20-43","37.5063518132638","127.011034636758"
"268","우성3"," 신길동 4656","37.4971496670179","126.908923918028"
"269","삼성월드타워"," 삼성동 3-1","37.5174334774237","127.044098015964"
"270","서울숲 한신 더 휴"," 행당동 349","37.5549200740591","127.036079977869"
"271","신도신월1차"," 신월동 1029","37.5180484528284","126.846439281936"
"272","벽산"," 상계동 173-1","37.6614531070852","127.072881636874"
"273","삼성월드타워"," 삼성동 3-1","37.5174334774237","127.044098015964"
"274","한일유앤아이"," 고척동 337","37.5079923546198","126.851154956339"
"275","대림e-편한세상"," 행당동 347","37.5579017106154","127.02711847087"
"276","온수동"," 온수동 83","37.4958230445249","126.818558453638"
"277","상암월드컵파크4단지"," 상암동 1655","37.5776864156328","126.888688773185"
"278","벽산"," 상계동 173-1","37.6614531070852","127.072881636874"
"279","상계주공13(고층)"," 상계동 637","37.6676719950496","127.062259494942"
"280","강남데시앙파크"," 세곡동 525","37.4602885503743","127.101185384316"
"281","신도림롯데아파트"," 구로동 1263","37.5034982286456","126.88421007151"
"282","래미안서초4차"," 서초동 1473-2","37.4810726256101","127.010952227734"
"283","트라움하우스2"," 서초동 1495-2","37.4857770973028","127.002276288575"
"284","상계주공14(고층)"," 상계동 626","37.6691340218574","127.057453609395"
"285","엘에이치강남아이파크"," 자곡동 602","37.4746603609888","127.101432102834"
"286","홍은센트레빌"," 홍은동 461","37.5972190820679","126.937790082266"
"287","동아빌라(188-72)"," 홍은동 188-72","37.5957610625951","126.934234604597"
"288","위례24단지(꿈에그린)"," 장지동 901","37.4758879665566","127.139306701251"
"289","파크리오"," 신천동 17","37.5205366173754","127.10615089337"
"290","서울숲푸르지오","금호동4가 340","37.5449832114937","127.022319305844"
"291","휘경 제이스카이 아파트"," 휘경동 369","37.5890415927469","127.057590131027"
"292","에스케이북한산시티"," 미아동 1353","37.6179760334621","127.01263074872"
"293","보람1단지"," 상계동 639","37.6661826658174","127.064948745871"
"294","잠실 푸르지오 월드마크"," 신천동 11-4","37.5174387314714","127.10357764333"
"295","장미(시영6)"," 하계동 273","37.6337021175518","127.067865375948"
"296","쌍용"," 이문동 64","37.5997835954564","127.068513545003"
"297","신반포16"," 잠원동 55-12","37.5168904458979","127.00959872159"
"298","강변힐스테이트"," 현석동 222","37.5433308883332","126.933280962995"
"299","마곡엠밸리3단지"," 마곡동 736","37.568100992565","126.820143984036"
"300","대우","금호동4가 800","37.5459699809305","127.01982172766"
"301","삼성"," 수서동 747","37.4848961854277","127.090677682629"
"302","공릉 해링턴플레이스"," 공릉동 106","37.627737624921","127.086908237543"
"303","동아불암"," 상계동 1285","37.6669567609885","127.079688357716"
"304","해모로"," 창전동 443","37.5462729070766","126.929685980593"
"305","LIP e-푸른아파트"," 개봉동 491","37.4930730724402","126.850096521487"
"306","대상타운현대아파트"," 방학동 720-1","37.6651428823127","127.048141717457"
"307","청솔"," 방화동 832","37.5756309765944","126.812965285254"
"308","위례24단지(꿈에그린)"," 장지동 901","37.4758879665566","127.139306701251"
"309","강변현대","성수동2가 400","37.5364137307779","127.050993698376"
"310","상계주공16(고층)"," 상계동 624","37.6687833155991","127.053725187886"
"311","동부골든"," 오류동 338","37.4992909110144","126.839531583839"
"312","두산"," 홍은동 456","37.5791478594495","126.931573406888"
"313","상계주공10(고층)"," 상계동 666","37.6630145873682","127.055709518101"
"314","삼성월드타워"," 삼성동 3-1","37.5174334774237","127.044098015964"
"315","금강"," 오류동 335","37.4929926320806","126.847646600597"
"316","건영1"," 신림동 746-43","37.4763139977688","126.912321719249"
"317","강변래미안"," 당산동 376","37.5298247572871","126.908236508058"
"318","서안"," 역촌동 32-37","37.6038022910504","126.916782121877"
"319","래미안장안2차"," 장안동 329-3","37.5739643441634","127.075387468834"
"320","상계주공10(저층)"," 상계동 666","37.6630145873682","127.055709518101"
"321","신안"," 마곡동 422","37.5687748573081","126.823373808305"
"322","서래 아르드빌"," 반포동 88-4","37.4951789437519","126.998510253102"
"323","(792-54)"," 구로동 792-54","37.4863573874862","126.888609588192"
"324","상계주공16(고층)"," 상계동 624","37.6687833155991","127.053725187886"
"325","주공2"," 휘경동 57","37.5829871567703","127.070747052227"
"326","한신1"," 하계동 284","37.6378661643059","127.06870677712"
"327","미진주택B동"," 오류동 12-2","37.4958707223847","126.842161077279"
"328","로즈그린타운"," 신월동 535-7","37.5195286205379","126.843352512162"
"329","올림픽훼밀리타운"," 문정동 150","37.4885199252165","127.114377260406"
"330","까치마을"," 수서동 746","37.4847340598121","127.087618357538"
"331","삼환도봉"," 도봉동 87","37.6810593866472","127.04884839583"
"332","래미안 옥수 리버젠"," 옥수동 561","37.5451371536209","127.013714834954"
"333","반포미도"," 반포동 60-4","37.5013542148345","127.008779079669"
"334","래미안장안"," 장안동 354-2","37.566445230313","127.072426877432"
"335","장안힐스테이트"," 장안동 329-2","37.5759645757228","127.075350090148"
"336","태강아파트"," 공릉동 81","37.6236489350667","127.083557738377"
"337","정릉동푸른"," 정릉동 767-2","37.6161465881034","127.002835370064"
"338","청솔(시영7)"," 하계동 274","37.6324803379916","127.071299559248"
"339","까치마을"," 수서동 746","37.4847340598121","127.087618357538"
"340","두산"," 행당동 345","37.5647118113965","127.037326138793"
"341","라이프씨티"," 신사동 354","37.6023769484839","126.90533606194"
"342","보람1단지"," 상계동 639","37.6661826658174","127.064948745871"
"343","까치마을"," 수서동 746","37.4847340598121","127.087618357538"
"344","사당우성2"," 사당동 105","37.4896946254326","126.975650061703"
"345","중계그린1단지"," 중계동 502-1","37.6443713328952","127.063281683752"
"346","주공1단지"," 번동 242","37.6247095737389","127.04711402283"
"347","롯데캐슬"," 신월동 1063","37.5185331395679","126.847302166894"
"348","주공5"," 등촌동 695","37.5604516606831","126.84486883674"
"349","이화우성"," 구로동 1260","37.4898358033032","126.893880128121"
"350","신동아파밀리에"," 석관동 408","37.6075298393944","127.053568300335"
"351","상계주공12(고층)"," 상계동 647","37.6661660800574","127.059319071937"
"352","올림픽선수기자촌2단지"," 방이동 89","37.5175616546675","127.136371627591"
"353","강변래미안"," 당산동 376","37.5298247572871","126.908236508058"
"354","올림픽훼밀리타운"," 문정동 150","37.4885199252165","127.114377260406"
"355","삼풍아파트"," 서초동 1685","37.4985439919823","127.015613076104"
"356","마곡수명산파크7단지"," 내발산동 756","37.5481491563284","126.822706623708"
"357","반포 주공1단지"," 반포동 757","37.5053542268515","126.989035969938"
"358","삼호가든맨션(5차)"," 반포동 30-1","37.5039449145147","127.011487795747"
"359","서강스카이빌2"," 응암동 116-17","37.5981564599415","126.92024058349"
"360","주공5"," 등촌동 695","37.5604516606831","126.84486883674"
"361","성원(사슴4)"," 월계동 322-1","37.6294157509446","127.062513840528"
"362","더샵스타시티"," 자양동 227-7","37.5378031898538","127.072632021718"
"363","대우","당산동2가 16-1","37.5211689109638","126.893016993992"
"364","파크리오"," 신천동 17","37.5205366173754","127.10615089337"
"365","정릉푸르지오"," 정릉동 406","37.6064277767754","127.009915765487"
"366","관악태우미소가"," 봉천동 30-8","37.4839896906785","126.955961786126"
"367","광장"," 여의도동 28","37.5207574349645","126.920812405559"
"368","한진한화그랑빌"," 월계동 18","37.6178028996422","127.068568020687"
"369","주공10"," 등촌동 702","37.5623617210231","126.848366667212"
"370","목동신시가지14"," 신정동 329","37.5161909461632","126.870337507112"
"371","삼익2차아파트"," 공릉동 754","37.6259574192856","127.080613565961"
"372","서초힐스"," 우면동 773","37.4573997644016","127.018070846664"
"373","갈현현대"," 구산동 382","37.6130165932898","126.905613429723"
"374","정릉풍림아이원"," 정릉동 239","37.6184876142783","127.007297911588"
"375","주공1단지"," 번동 242","37.6247095737389","127.04711402283"
"376","한화오벨리스크"," 도화동 555","37.5400400282508","126.945470495343"
"377","바비엥3"," 순화동 215","37.5631527459053","126.969654984929"
"378","주공2"," 월계동 556","37.6281259684663","127.052782051404"
"379","신성미소지움"," 면목동 1527","37.587214362585","127.09609294746"
"380","홍제한양"," 홍제동 82","37.5833210740055","126.946971087746"
"381","삼선에스케이뷰","삼선동3가 116","37.5873141701073","127.011639179336"
"382","신동아아파트1"," 방학동 271-1","37.6609347988243","127.0267260331"
"383","방학동삼성래미안1"," 방학동 720-18","37.6669775389205","127.047276059135"
"384","인왕산2차아이파크"," 무악동 88","37.5757370932777","126.959608792807"
"385","포스코더샵"," 상도동 521","37.5020771686333","126.942973546609"
"386","상록"," 염리동 515-1","37.5515503597101","126.948225886081"
"387","건영2차아파트"," 상봉동 63","37.6012129721753","127.093061552443"
"388","엘지, 쌍용아파트"," 상봉동 484","37.6037624381976","127.090715883139"
"389","남산타운"," 신당동 844","37.5486807945139","127.008880476432"
"390","행당 한진타운"," 행당동 346","37.5558804553964","127.029207383318"
"391","주공4단지"," 번동 234","37.630851231879","127.039253927886"
"392","파크리오"," 신천동 17","37.5205366173754","127.10615089337"
"393","공릉동 한보에센시티아파트"," 공릉동 743","37.6280886404723","127.080308529909"
"394","한진해모로"," 신당동 845","37.5634687739131","127.025987049202"
"395","두산"," 봉천동 1708","37.4845267749186","126.942894626699"
"396","삼익세라믹"," 쌍문동 56","37.6572511707132","127.035174539396"
"397","이화우성"," 구로동 1260","37.4898358033032","126.893880128121"
"398","독산동중앙하이츠빌"," 독산동 1140","37.4648129442296","126.888559946819"
"399","신촌푸르지오"," 북아현동 1011","37.5602053578654","126.952106970386"
"400","시범"," 여의도동 50","37.520693352724","126.937105491683"
"401","동성네스트빌"," 제기동 1158-6","37.5800743836819","127.0325326576"
"402","북한산푸르지오"," 녹번동 281","37.6068385939236","126.93626654464"
"403","관악드림(동아)"," 봉천동 1712","37.489767905811","126.950619822698"
"404","대림아파트"," 상도동 411","37.4929953027688","126.953477580217"
"405","현대3"," 자양동 670","37.5285796157998","127.083446711719"
"406","푸른마을2"," 신정동 1281","37.5135514147541","126.835370168234"
"407","신촌푸르지오"," 북아현동 1011","37.5602053578654","126.952106970386"
"408","돈암동삼성"," 돈암동 15-1","37.5994822164406","127.023373194038"
"409","북한산푸르지오"," 녹번동 281","37.6068385939236","126.93626654464"
"410","명인갤러리"," 역삼동 729-37","37.4985180939395","127.04250932141"
"411","리센츠"," 잠실동 22","37.5127510583527","127.088417185047"
"412","삼성래미안"," 도원동 23","37.5382964045291","126.955316835387"
"413","잠실 푸르지오 월드마크"," 신천동 11-4","37.5174387314714","127.10357764333"
"414","공작"," 여의도동 21-2","37.5265164014907","126.929837681736"
"415","래미안트리베라1단지"," 미아동 813","37.6139423356183","127.020726256988"
"416","한진한화그랑빌"," 월계동 18","37.6178028996422","127.068568020687"
"417","전농SK"," 전농동 10","37.5766421261107","127.060465846616"
"418","미륭"," 월계동 13","37.6245905661541","127.065415722199"
"419","관악캠퍼스타워"," 봉천동 875-1","37.4812783056077","126.95033292025"
"420","쌍용스윗닷홈"," 상도동 418","37.5015273080708","126.931642268797"
"421","역삼 I'PARK"," 역삼동 713-11","37.4993166898535","127.045793188009"
"422","한양1"," 쌍문동 388-33","37.6459239537872","127.030537517615"
"423","래미안 크레시티"," 전농동 690","37.5762290631959","127.050607073529"
"424","미아한일유앤아이"," 미아동 1355","37.614985442801","127.036554784672"
"425","동신"," 월계동 436","37.617552477555","127.061266120643"
"426","대흥동세양"," 대흥동 802","37.5444481595591","126.944868912049"
"427","롯데캐슬아르떼"," 방배동 424-28","37.4836231357856","126.984446674831"
"428","래미안하이베르"," 신당동 851","37.5616192513453","127.022720407044"
"429","두산1"," 면목동 1500","37.5816188867372","127.083977859107"
"430","신트리4"," 신정동 1277","37.5112616967361","126.850765825047"
"431","산호","원효로4가 118-16","37.5327156180897","126.950380742981"
"432","리센츠"," 잠실동 22","37.5127510583527","127.088417185047"
"433","성원(사슴4)"," 월계동 322-1","37.6294157509446","127.062513840528"
"434","e-편한세상"," 역삼동 755-4","37.4987776755024","127.049878493722"
"435","창신쌍용1"," 창신동 702","37.5805125839757","127.014014651795"
"436","우성아파트"," 잠실동 101-1","37.5068653318826","127.073141863071"
"437","펜트라우스"," 신공덕동 172","37.5433912735911","126.954104279715"
"438","서울숲 한신 더 휴"," 행당동 349","37.5549200740591","127.036079977869"
"439","천연뜨란채"," 천연동 145","37.5675621422573","126.958448691465"
"440","방배자이"," 방배동 888-53","37.4864307068107","126.999051801992"
"441","헤렌어반","영등포동1가 144","37.5172395008463","126.913534419364"
"442","용산파크자이","한강로1가 50-1","37.5366261935205","126.97266226677"
"443","방배롯데캐슬로제"," 방배동 849-30","37.4901805010864","126.994801611495"
"444","래미안상도3차"," 상도동 431","37.4993523923787","126.954733217786"
"445","현대","당산동2가 164","37.5235070630665","126.894880105473"
"446","봉천우성"," 봉천동 1706","37.4849781107912","126.959527564225"
"447","삼성하나로"," 염창동 248-3","37.5516297228771","126.871906542332"
"448","파크리오"," 신천동 17","37.5205366173754","127.10615089337"
"449","개포주공 7단지"," 개포동 185","37.4888762938306","127.071667715752"
"450","신구로자이"," 구로동 501","37.4998966345713","126.884112834869"
"451","신동아"," 염창동 289","37.5551294880285","126.869050974189"
"452","삼호3"," 월계동 13","37.6245905661541","127.065415722199"
"453","쌍문동삼성래미안"," 쌍문동 725","37.6468371040696","127.027981235585"
"454","데쟈뷰아파트"," 구의동 45-11","37.5502052010886","127.094379054129"
"455","동아"," 염창동 292","37.5548515573392","126.873119215493"
"456","파크리오"," 신천동 17","37.5205366173754","127.10615089337"
"457","헤렌어반","영등포동1가 144","37.5172395008463","126.913534419364"
"458","삼호한숲"," 방배동 1030-1","37.4777566933679","126.998922010145"
"459","명지해드는터"," 신정동 1300","37.5188046279167","126.872538105438"
"460","래미안하이베르"," 신당동 851","37.5616192513453","127.022720407044"
"461","두산","금호동3가 1331","37.5500382701277","127.016217362383"
"462","한신공영","양평동1가 14-1","37.5216371279698","126.888118133469"
"463","길음뉴타운6단지(래미안)"," 길음동 1283","37.6062694708825","127.022893664052"
"464","보라매두산위브"," 신길동 4497","37.497262622131","126.914425840731"
"465","주공19단지(창동 리버타운)"," 창동 27","37.6492614170598","127.0508054847"
"466","가양강나루현대"," 가양동 448-1","37.5607561619781","126.856971359725"
"467","아크로리버파크"," 반포동 2-12","37.5054572291322","126.992771916234"
"468","사당우성3"," 사당동 105","37.4896946254326","126.975650061703"
"469","상도동삼호아파트"," 상도동 408","37.4935295589991","126.95743119907"
"470","송산아파트","동소문동4가 279","37.592389569798","127.010468499624"
"471","미아1차래미안"," 미아동 797","37.6259766933665","127.019405125903"
"472","우림루미아트"," 망원동 498","37.5597255093045","126.901011123046"
"473","화곡보람"," 화곡동 1149","37.5540389922246","126.854635331277"
"474","신내6대주"," 신내동 650","37.6152619825876","127.091014257029"
"475","한강"," 잠원동 49-8","37.5213183876092","127.015130604916"
"476","신동아"," 수서동 736","37.4870725721397","127.098442914101"
"477","마포중동현대"," 중동 392","37.5711389667522","126.906884530156"
"478","한일유앤아이"," 고척동 337","37.5079923546198","126.851154956339"
"479","남가좌동현대"," 남가좌동 376","37.5749918612212","126.920125943504"
"480","신내6대주"," 신내동 650","37.6152619825876","127.091014257029"
"481","율포그레이스빌"," 개봉동 483","37.4948353453655","126.855663405582"
"482","아크로리버파크"," 반포동 2-12","37.5054572291322","126.992771916234"
"483","건영캐스빌"," 상봉동 499","37.6025354672198","127.091187076268"
"484","보문파크뷰자이","보문동6가 458","37.5801292275843","127.018477572425"
"485","강서힐스테이트"," 화곡동 1165","37.5467408660411","126.840035331251"
"486","건영2"," 신림동 721-2","37.4708484624297","126.916922731166"
"487","현대코아"," 청량리동 738","37.5814403911391","127.044390129883"
"488","강변"," 잠원동 53-15","37.5177496639756","127.012287721629"
"489","(744-13)"," 구로동 744-13","37.4878181705184","126.886598935526"
"490","장안현대홈타운(336)"," 장안동 336","37.569725659288","127.074606226438"
"491","산업인"," 고척동 57-9","37.5047349109946","126.866978558925"
"492","더샵스타시티"," 자양동 227-7","37.5378031898538","127.072632021718"
"493","롯데캐슬"," 신월동 1063","37.5185331395679","126.847302166894"
"494","삼성래미안"," 종암동 80","37.6009876756256","127.030155293619"
"495","라이프미성"," 신림동 1656","37.4825102462272","126.903435850976"
"496","한솔솔파크"," 번동 138","37.6273613072931","127.038842916774"
"497","쥴리앙"," 내발산동 660-6","37.5561037916051","126.843419487096"
"498","주공1"," 휘경동 57","37.5829871567703","127.070747052227"
"499","신공덕1차삼성래미안1아파트"," 신공덕동 155","37.543481366444","126.955737846962"
"500","가양우성"," 가양동 14-3","37.5622291386486","126.854195547538"
"501","엘에이치강남아이파크"," 자곡동 602","37.4746603609888","127.101432102834"
"502","길음뉴타운4단지(e편한세상)"," 길음동 1281","37.6120673819839","127.019648869071"
"503","중앙하이츠"," 신내동 479","37.6034907491923","127.098088211575"
"504","래미안장안2차"," 장안동 329-3","37.5739643441634","127.075387468834"
"505","관악산벽산타운5"," 시흥동 1013","37.4479160600139","126.918442104095"
"506","브라운스톤태릉"," 묵동 387","37.6187414214185","127.08242725632"
"507","목동신시가지12"," 신정동 326","37.5130367922481","126.86113248111"
"508","신림큐브"," 신림동 1421-1","37.4855860298558","126.932054229593"
"509","인왕산한신휴플러스"," 홍제동 469","37.585252170243","126.947368473304"
"510","길훈엔트런스빌"," 신월동 1043","37.5315747668287","126.83555287572"
"511","DMC파크뷰자이1단지"," 남가좌동 385","37.5722579341307","126.917837154419"
"512","서울숲푸르지오","금호동4가 340","37.5449832114937","127.022319305844"
"513","마곡엠밸리10단지"," 마곡동 747","37.5592888195573","126.819324926861"
"514","흥양훼미리"," 신월동 87-21","37.5375471668207","126.833966124008"
"515","고덕 아이파크"," 고덕동 499","37.5589302752302","127.155240395295"
"516","동원베네스트"," 홍은동 463","37.5989341410052","126.943949771598"
"517","장미1"," 한남동 732-19","37.5341620411405","126.99803903696"
"518","부영"," 등촌동 691-3","37.5635578457422","126.843641011129"
"519","까치마을"," 수서동 746","37.4847340598121","127.087618357538"
"520","남광아파트"," 화곡동 917-5","37.529572641925","126.843909851588"
"521","신내6대주"," 신내동 650","37.6152619825876","127.091014257029"
"522","동고"," 우면동 59","37.4713573571914","127.023567246461"
"523","은평뉴타운상림마을(롯데캐슬A-2)"," 진관동 14","37.6451953957895","126.924926304623"
"524","까치마을"," 수서동 746","37.4847340598121","127.087618357538"
"525","은성마을 승윤노블리안"," 신월동 1065","37.5408475924845","126.827969375308"
"526","마곡13단지힐스테이트마스터"," 마곡동 748","37.5577909438278","126.818287770104"
"527","서울숲푸르지오","금호동4가 340","37.5449832114937","127.022319305844"
"528","(794-17)"," 구로동 794-17","37.485718282904","126.888207110341"
"529","신림푸르지오"," 신림동 1730","37.4791218767665","126.910484296891"
"530","(739-29)"," 구로동 739-29","37.4882076731551","126.885847437021"
"531","신대방"," 신대방동 705","37.4967249220654","126.927228428735"
"532","(1101-1)"," 대림동 1101-1","37.4869194626454","126.900555035603"
"533","화성두산아파트"," 신내동 656","37.6136323565234","127.095137479055"
"534","현대웰하임(201동)"," 길동 343-2","37.5411751028327","127.146005135455"
"535","태영"," 등촌동 632-2","37.5557025027625","126.864090588329"
"536","현대연예인"," 구로동 685-70","37.492986322182","126.877113407262"
"537","신성"," 신사동 155-1","37.5897706432631","126.905114144273"
"538","엘에이치강남아이파크"," 자곡동 602","37.4746603609888","127.101432102834"
"539","삼두"," 신길동 2-3","37.514320688342","126.923858052485"
"540","현대I-PARK","성수동2가 834","37.5474076014004","127.05661103942"
"541","금호타운2","성수동2가 832","37.5435838427771","127.053139934662"
"542","굿이모션(1103-3)"," 화곡동 1103-3","37.5528502716358","126.848866569983"
"543","길음뉴타운3단지푸르지오"," 길음동 1280-1","37.6101143477321","127.016442073865"
"544","돈암2-1삼부"," 길음동 1276","37.6027726439023","127.023775903506"
"545","관악드림(삼성)"," 봉천동 1712","37.489767905811","126.950619822698"
"546","신도림태영타운"," 구로동 1267","37.506076648181","126.888628588877"
"547","월드"," 구로동 1262","37.5055505446716","126.87587667391"
"548","가람"," 일원동 735","37.4824347030678","127.085380414816"
"549","은평뉴타운 우물골(두산위브8단지)"," 진관동 88","37.6362983935995","126.931505396793"
"550","동신"," 월계동 436","37.617552477555","127.061266120643"
"551","반포리체"," 반포동 30-26","37.5037456658496","127.013532527704"
"552","한남동리첸시아"," 한남동 72-1","37.5344707464089","127.007899663322"
"553","삼성동롯데아파트"," 삼성동 17","37.5177638788675","127.048677389062"
"554","동부"," 신림동 1695","37.4805264748276","126.929237392735"
"555","풍림1"," 가락동 142","37.4955836328269","127.12640738707"
"556","한신"," 구로동 642-9","37.4964979544664","126.873658696219"
"557","돈암2-1삼부"," 길음동 1276","37.6027726439023","127.023775903506"
"558","목동청구한신아파트"," 목동 929","37.5414580717709","126.881654577667"
"559","엘에이치강남아이파크"," 자곡동 602","37.4746603609888","127.101432102834"
"560","대우"," 창동 804","37.6423706175541","127.037531292722"
"561","가우디캐슬"," 장안동 415-14","37.5625230974171","127.061821018063"
"562","경원로얄시티"," 봉천동 148-139","37.4790649859918","126.963738548337"
"563","DMC래미안e편한세상"," 북가좌동 481","37.5726489857162","126.910550761779"
"564","이화우성"," 구로동 1260","37.4898358033032","126.893880128121"
"565","서강GS"," 신정동 30","37.5439771831853","126.931098399949"
"566","상도2차갑을명가"," 상도동 459","37.4935684967854","126.935245916317"
"567","현대2차(10,11,20,23,24,25동)"," 압구정동 369-1","37.5330267381014","127.027925536556"
"568","애오개아이파크"," 아현동 780","37.5538365545782","126.956008539429"
"569","봉천우성"," 봉천동 1706","37.4849781107912","126.959527564225"
"570","대림1"," 신도림동 642","37.5058449867495","126.880590578918"
"571","한진(609-1)"," 돈암동 609-1","37.5941783218836","127.010321322145"
"572","방배우성"," 방배동 2525","37.474408252473","126.982576685314"
"573","한신"," 면목동 193-1","37.5875052368198","127.075465206913"
"574","진흥엣세벨"," 수색동 416-1","37.5853704589019","126.900295145391"
"575","우림루미아트2"," 역삼동 706-10","37.5021444429171","127.04355364093"
"576","약수하이츠"," 신당동 842","37.5547365066187","127.014263668771"
"577","미성"," 신도림동 290","37.5073342560063","126.876471231181"
"578","순영웰라이빌"," 영등포동 648","37.5165365466665","126.913300291532"
"579","마포래미안푸르지오2단지"," 아현동 777","37.555593231083","126.953656665391"
"580","마포래미안푸르지오2단지"," 아현동 777","37.555593231083","126.953656665391"
"581","레이크팰리스"," 잠실동 44","37.5092678396302","127.094277269984"
"582","영등포푸르지오"," 영등포동 647","37.5115335007356","126.90238989779"
"583","마포래미안푸르지오2단지"," 아현동 777","37.555593231083","126.953656665391"
"584","현대"," 면목동 1502","37.5762581128666","127.089787282993"
"585","리센츠"," 잠실동 22","37.5127510583527","127.088417185047"
"586","잠실엘스"," 잠실동 19","37.5129324772866","127.081460737023"
"587","미성"," 신도림동 290","37.5073342560063","126.876471231181"
"588","두산위브트레지움"," 미아동 811","37.6177643032662","127.01693069632"
"589","남산 롯데캐슬 아이리스","회현동1가 208","37.5582562719927","126.981925536214"
"590","독립문삼호"," 영천동 100","37.5703105389329","126.958448523035"
"591","청계천대성스카이렉스1"," 신설동 109-13","37.5719992994833","127.02391225637"
"592","한진한화그랑빌"," 월계동 18","37.6178028996422","127.068568020687"
"593","남산 롯데캐슬 아이리스","회현동1가 208","37.5582562719927","126.981925536214"
"594","낙성대현대홈타운"," 봉천동 1713","37.4806628489654","126.963489269299"
"595","동아1"," 신도림동 643","37.5110419107731","126.882952214932"
"596","삼현팰리채"," 염창동 250-1","37.5505356760612","126.873695190425"
"597","한화진넥스빌"," 역삼동 706-20","37.5019559669632","127.044242152066"
"598","관악드림(동아)"," 봉천동 1712","37.489767905811","126.950619822698"
"599","동아3"," 염창동 258-1","37.5501995704814","126.877425235008"
"600","마포래미안푸르지오2단지"," 아현동 777","37.555593231083","126.953656665391"
"601","우성2"," 신도림동 639","37.5121774916784","126.88548066605"
"602","원효","원효로2가 94-2","37.5350244616566","126.961576811432"
"603","텐즈힐(2구역)"," 상왕십리동 811","37.5693369136369","127.025374102832"
"604","관악미래가"," 봉천동 148-129","37.4793085265727","126.963731307974"
"605","쌍문동삼성래미안"," 쌍문동 725","37.6468371040696","127.027981235585"
"606","동아3"," 신도림동 645","37.5095494557989","126.884199706954"
"607","두산"," 창신동 232","37.5742176646077","127.014287420294"
"608","엘르빌"," 방배동 985-15","37.4809335666955","126.99977003417"
"609","삼성래미안"," 도원동 23","37.5382964045291","126.955316835387"
"610","e편한세상신촌1단지"," 북아현동 1013","37.5582659643519","126.95015386072"
"611","아크로리버"," 구의동 589-10","37.5360517267301","127.092835806633"
"612","프리우스"," 방배동 846-1","37.4919393425261","126.996942950674"
"613","역삼푸르지오"," 역삼동 754-1","37.4977533273856","127.046780606935"
"614","한강로대우아이빌","한강로2가 2-11","37.5315404241507","126.969090683958"
"615","두산"," 북아현동 1009","37.5591524524318","126.950146932156"
"616","경남"," 쌍문동 73","37.6548047423787","127.035145507637"
"617","금호베스트빌"," 광장동 578","37.5437532629126","127.094011537775"
"618","삼성홈타운"," 신당동 849","37.5627386390955","127.016871604293"
"619","금호베스트빌"," 하왕십리동 1052","37.5613628898771","127.025917842455"
"620","낙성대현대아파트"," 봉천동 179-58","37.4723908122469","126.966365956183"
"621","푸른마을"," 방배동 763-12","37.4956445032401","126.98401582354"
"622","두산위브트레지움"," 미아동 811","37.6177643032662","127.01693069632"
"623","리치힐102동(993-36)"," 독산동 993-36","37.4731711215819","126.905011449873"
"624","강변한솔솔파크"," 염창동 300","37.5566842439508","126.866552401948"
"625","빌라일두오모"," 방배동 800-1","37.49347752857","126.996458906497"
"626","북한산현대힐스테이트3차아파트"," 불광동 641","37.6184800665697","126.934904405769"
"627","우성"," 노량진동 323","37.5096291040511","126.947804247748"
"628","목동우성2"," 신정동 337","37.5078748013929","126.866720771352"
"629","삼성홈타운"," 마장동 834","37.5633989437118","127.039077253893"
"630","삼성래미안"," 도원동 23","37.5382964045291","126.955316835387"
"631","두산"," 가산동 769","37.4760395859626","126.891719741887"
"632","신당푸르지오"," 신당동 850","37.5592004695562","127.019504822129"
"633","킹스매너"," 내수동 110-15","37.5732795109163","126.970461277647"
"634","태진드림피아"," 염창동 296","37.5525770268127","126.870826873683"
"635","천연뜨란채"," 천연동 145","37.5675621422573","126.958448691465"
"636","한양2"," 쌍문동 59","37.6569864317375","127.031453992625"
"637","극동미라주"," 하왕십리동 1058","37.5584811461174","127.023300962442"
"638","사슴3"," 월계동 320-11","37.6317295957652","127.059686274576"
"639","에스케이북한산시티"," 미아동 1353","37.6179760334621","127.01263074872"
"640","경남아너스빌"," 수유동 229-49","37.637991884902","127.024254591345"
"641","초안1"," 월계동 923","37.6329811765686","127.04430328766"
"642","벽산","금호동1가 633","37.5516933617965","127.027222938391"
"643","한양2"," 쌍문동 59","37.6569864317375","127.031453992625"
"644","이안용산프리미어"," 문배동 3-3","37.5386143191392","126.970332391243"
"645","서초호반써밋"," 우면동 753","37.4564360491133","127.013251949969"
"646","금강"," 시흥동 1008","37.4631019929702","126.90800546073"
"647","학마을1단지"," 신정동 1293","37.5080526501106","126.844319085147"
"648","일성트루엘"," 장안동 581","37.5652943577914","127.065377531925"
"649","청옥"," 정릉동 716-117","37.6109204826192","127.003235876209"
"650","극동(105)"," 사당동 105","37.4896946254326","126.975650061703"
"651","행당 한진타운"," 행당동 346","37.5558804553964","127.029207383318"
"652","동신"," 월계동 436","37.617552477555","127.061266120643"
"653","강변래미안"," 당산동 376","37.5298247572871","126.908236508058"
"654","대림e-편한세상"," 행당동 347","37.5579017106154","127.02711847087"
"655","풍림2"," 홍은동 453-2","37.593375689781","126.943080365457"
"656","한보미도맨션2"," 대치동 511","37.4933931510549","127.067350014658"
"657","극동"," 쌍문동 721","37.6514339618398","127.027422598488"
"658","백련산힐스테이트1차"," 응암동 759","37.5924138318716","126.925226536648"
"659","자양우성7"," 자양동 783-1","37.5363526161092","127.074596726286"
"660","대동황토방2"," 등촌동 713","37.5551770674789","126.862401758505"
"661","부영팰리스"," 방학동 690-3","37.6639817089344","127.037431439902"
"662","청담2차 이-편한세상(204동)"," 청담동 15","37.5206238754661","127.044958479874"
"663","하이캐슬102동"," 대치동 986","37.5004060715791","127.063393518815"
"664","이안용산3차"," 문배동 40-39","37.5388471832786","126.969801746787"
"665","주공1단지"," 번동 242","37.6247095737389","127.04711402283"
"666","주공3"," 등촌동 688","37.5616418349754","126.841111422493"
"667","삼성하나로"," 염창동 248-3","37.5516297228771","126.871906542332"
"668","대림e-편한세상"," 행당동 347","37.5579017106154","127.02711847087"
"669","쌍용예가클래식","당산동3가 559","37.5275605475617","126.893636083906"
"670","삼성래미안1"," 방배동 2626","37.4727023921114","126.984007935896"
"671","라이프"," 신림동 1700","37.4770896764465","126.913175396196"
"672","래미안수유"," 수유동 730","37.6447090236924","127.018063324688"
"673","현대홈타운아파트"," 신도림동 641","37.5119722191003","126.884254440618"
"674","쌍용"," 풍납동 401-1","37.5272518297608","127.117703245843"
"675","정릉풍림아이원"," 정릉동 239","37.6184876142783","127.007297911588"
"676","삼성래미안트리베라2단지"," 미아동 812","37.6173116384026","127.020401549408"
"677","미아동부센트레빌"," 미아동 474","37.6136767350618","127.025708332062"
"678","창전래미안"," 창전동 437","37.5512308823936","126.930994059899"
"679","현대"," 송파동 163-14","37.5034792135819","127.117798689097"
"680","마포동원베네스트"," 도화동 564","37.5402414946312","126.95234943792"
"681","대우푸르지오"," 연희동 739","37.5615205693803","126.929514782543"
"682","동아"," 답십리동 10","37.569342253763","127.061708365604"
"683","국제산장"," 신림동 1693","37.4608369090379","126.927805429571"
"684","에스케이북한산시티"," 미아동 1353","37.6179760334621","127.01263074872"
"685","한양"," 여의도동 42","37.5214748650509","126.932503484941"
"686","동산"," 신당동 432-579","37.5515272638274","127.005296009443"
"687","동인샤인빌"," 옥수동 12","37.5449081171094","127.017786536567"
"688","남서울힐스테이트"," 시흥동 1026","37.4477871989419","126.900966570969"
"689","청솔아파트9"," 공릉동 90","37.6214491190448","127.085148465261"
"690","세양청마루"," 신정동 1306","37.5071533161833","126.863675809775"
"691","청림빌"," 신사동 555-11","37.5206638116767","127.02472662328"
"692","약수하이츠"," 신당동 842","37.5547365066187","127.014263668771"
"693","남산타운"," 신당동 844","37.5486807945139","127.008880476432"
"694","길음뉴타운8단지(래미안)"," 길음동 1284","37.6075574804896","127.01794878542"
"695","방학E.S.A2아파트"," 방학동 716-5","37.6663850778413","127.045614095751"
"696","성원상떼빌"," 가락동 80","37.4950644942941","127.120436228994"
"697","삼성휘버스"," 사당동 1037-9","37.4780351573523","126.977642170187"
"698","서광등촌마을2"," 등촌동 638","37.5578771499458","126.857444510012"
"699","한사랑2삼성"," 등촌동 634-2","37.554612829484","126.864162394395"
"700","명수대현대"," 흑석동 10","37.5078356376452","126.966995755893"
"701","신트리1"," 신정동 1259","37.5137367146629","126.853687850909"
"702","신반포2"," 잠원동 73","37.5106988312975","127.002864177186"
"703","학마을1단지"," 신정동 1293","37.5080526501106","126.844319085147"
"704","신화"," 잠원동 54-7","37.5156853413098","127.013422474976"
"705","제일"," 사당동 240-15","37.482929064456","126.969520916132"
"706","위더스빌"," 묵동 169-11","37.6145675645809","127.077140635067"
"707","강변래미안"," 당산동 376","37.5298247572871","126.908236508058"
"708","데시앙"," 신내동 317","37.6109225846863","127.099458305129"
"709","두산위브"," 행당동 375","37.5567045410466","127.031529834865"
"710","동광갈현베르빌"," 갈현동 465-12","37.6122291730136","126.916808522644"
"711","극동미라주"," 하왕십리동 1058","37.5584811461174","127.023300962442"
"712","신반포11"," 잠원동 58-24","37.5096205182617","127.013278085984"
"713","SM엘루이"," 신정동 1014-5","37.5215151290689","126.862588147092"
"714","해모로"," 창전동 443","37.5462729070766","126.929685980593"
"715","신동아"," 길동 160","37.5391366810412","127.148677917264"
"716","진주"," 여의도동 54","37.5187352227849","126.932726645667"
"717","홍제현대"," 홍제동 331","37.5889952344394","126.941398473624"
"718","주공3"," 등촌동 688","37.5616418349754","126.841111422493"
"719","경남1"," 개포동 649","37.4845150908032","127.054173895409"
"720","삼성리치빌1"," 삼성동 52-9","37.518529686768","127.051129370461"
"721","서강GS"," 신정동 30","37.5439771831853","126.931098399949"
"722","CJ나인파크"," 문배동 24-6","37.5360844630167","126.969170724866"
"723","힐스테이트 상도 프레스티지"," 상도동 533","37.4965353794851","126.948946354609"
"724","북한산힐스테이트1차아파트"," 불광동 635","37.6126197353159","126.937001651616"
"725","동부센트레빌","당산동3가 561","37.5244567573023","126.900434866955"
"726","잠실 푸르지오 월드마크"," 신천동 11-4","37.5174387314714","127.10357764333"
"727","두성"," 역촌동 21-21","37.6049881455562","126.917125868537"
"728","한화/성원아파트"," 방학동 731","37.661265380776","127.031765765872"
"729","푸르지오시티"," 미아동 160-3","37.6341884558025","127.023860909253"
"730","정익제이원아파트(15-114)"," 대조동 15-114","37.6087539719048","126.929096381266"
"731","학마을1단지"," 신정동 1293","37.5080526501106","126.844319085147"
"732","중앙하이츠104동"," 창전동 42-10","37.5494723917885","126.927808861178"
"733","범양프레체"," 중화동 208-4","37.5944855856847","127.075881477395"
"734","성원대치2단지아파트"," 개포동 12","37.4941848052623","127.075215384158"
"735","대림e-편한세상4"," 신도림동 646","37.5106003394881","126.886846789329"
"736","전농동신성미소지움"," 전농동 687","37.5783117738141","127.048527041801"
"737","벽산","금호동1가 633","37.5516933617965","127.027222938391"
"738","훼미리하우스138"," 당산동 121-108","37.5275709581712","126.907961079352"
"739","신림동신도브래뉴"," 신림동 1722","37.483710302599","126.911493016213"
"740","우성"," 등촌동 630-3","37.55751251764","126.859701941934"
"741","대림(1차)"," 응봉동 100","37.5519307590448","127.033264500403"
"742","래미안송파파인탑"," 송파동 243","37.5026771694066","127.120006146918"
"743","KCC엠파이어리버"," 합정동 381-16","37.5483052191302","126.912097143068"
"744","두산"," 봉천동 1708","37.4845267749186","126.942894626699"
"745","윤정"," 신림동 546-7","37.4829679732523","126.909486329086"
"746","벽산"," 시흥동 1010","37.451951295722","126.919034001866"
"747","라이프미성"," 신사동 140-1","37.5894982225769","126.907778331354"
"748","태강아파트"," 공릉동 81","37.6236489350667","127.083557738377"
"749","구로지웰"," 구로동 1287","37.49063697288","126.886506136169"
"750","마포아크로타워"," 도화동 563","37.5413216431359","126.948970824054"
"751","그대家"," 신림동 1727","37.4697051500318","126.919101109642"
"752","현대5","당산동4가 30-1","37.5296404475771","126.900812746942"
"753","대우그린"," 화곡동 359-3","37.5330861663536","126.837681556867"
"754","삼성보라매옴니타워"," 신대방동 395-62","37.4925890130386","126.923631685439"
"755","우장산롯데캐슬"," 화곡동 1145","37.5556368030986","126.848318501804"
"756","동인샤인빌"," 옥수동 12","37.5449081171094","127.017786536567"
"757","크라운빌"," 수유동 191-28","37.6393726281038","127.026427124866"
"758","이수힐스테이트"," 동작동 333","37.4944065466474","126.980045806956"
"759","청우그린"," 시흥동 902-7","37.45052089852","126.90328090581"
"760","청계벽산메가트리움"," 답십리동 999","37.5698611275083","127.049698222216"
"761","상도 효성해링턴플레이스"," 상도동 536","37.5057513275856","126.942127604277"
"762","푸른힐"," 신정동 949-1","37.5247737148241","126.855731204459"
"763","휘버스"," 신정동 995-3","37.5244394014215","126.864207166023"
"764","목동신시가지12"," 신정동 326","37.5130367922481","126.86113248111"
"765","윌쏘나슈트"," 한남동 657-107","37.534151204899","127.005554213169"
"766","신동아(22)"," 논현동 22","37.5147157100303","127.022668627156"
"767","문래대림","문래동5가 1","37.5170161035426","126.88806349814"
"768","동아3"," 염창동 258-1","37.5501995704814","126.877425235008"
"769","휘경"," 휘경동 43-66","37.5840484878942","127.066633311696"
"770","현대5","당산동4가 30-1","37.5296404475771","126.900812746942"
"771","성산시영(선경)"," 성산동 446","37.5721152959697","126.901892164797"
"772","영등포아트자이"," 도림동 821","37.5101958138997","126.90027329698"
"773","래미안세레니티"," 종암동 133","37.5992448373509","127.031050089448"
"774","신원2"," 쌍문동 723","37.6583073087137","127.035750750525"
"775","사당우성3"," 사당동 105","37.4896946254326","126.975650061703"
"776","신반포27"," 잠원동 56-2","37.5157784982649","127.009830461695"
"777","목동신시가지13"," 신정동 327","37.5141910493429","126.865002695714"
"778","정릉힐스테이트3차"," 정릉동 1031","37.6144302680147","127.007547825596"
"779","두산"," 봉천동 1708","37.4845267749186","126.942894626699"
"780","현대"," 무악동 82","37.5756306329225","126.961060237387"
"781","논현동한화꿈에그린"," 논현동 205-2","37.5068232477705","127.030395375198"
"782","뚝섬현대","성수동1가 13-157","37.5477564180908","127.048854633274"
"783","신공덕아이파크"," 신공덕동 174","37.5446740470439","126.95605352897"
"784","성원(650)"," 대림동 650","37.5038414805746","126.896607959674"
"785","신촌태영데시앙"," 창전동 439","37.5533695721542","126.930978507582"
"786","래미안 옥수 리버젠"," 옥수동 561","37.5451371536209","127.013714834954"
"787","돈암2-1삼부"," 길음동 1276","37.6027726439023","127.023775903506"
"788","서초힐스"," 우면동 773","37.4573997644016","127.018070846664"
"789","동원베네스트"," 홍은동 463","37.5989341410052","126.943949771598"
"790","홍은동벽산"," 홍은동 455","37.5953795593755","126.944732392243"
"791","한남더힐"," 한남동 810","37.5369726180181","127.009490412576"
"792","창동주공4단지"," 창동 380","37.6442802221175","127.047829003653"
"793","힐타운"," 목동 315-6","37.5422930519782","126.868396544723"
"794","신림푸르지오"," 신림동 1730","37.4791218767665","126.910484296891"
"795","문래대림","문래동5가 1","37.5170161035426","126.88806349814"
"796","은평뉴타운 박석고개(힐스테이트1단지)"," 진관동 102","37.6330388638859","126.922287528799"
"797","마포중동현대"," 중동 392","37.5711389667522","126.906884530156"
"798","목동신시가지1"," 목동 901","37.5396035441466","126.879339191907"
"799","태청"," 망원동 501","37.555788292776","126.906716105074"
"800","건영1"," 신림동 746-43","37.4763139977688","126.912321719249"
"801","신공덕1차삼성래미안1아파트"," 신공덕동 155","37.543481366444","126.955737846962"
"802","북한산 힐스테이트7차"," 불광동 643","37.6165291109629","126.926683005796"
"803","거성파스텔","양평동3가 90-1","37.5314993906787","126.891879015082"
"804","건영1"," 문정동 72-3","37.4816696674372","127.125713147116"
"805","청담동삼성1차아파트"," 청담동 33","37.5194352215263","127.047840037208"
"806","상암월드컵파크7단지"," 상암동 1660","37.5817590063066","126.881479978349"
"807","씨티뷰2차"," 사당동 303-109","37.4768754989647","126.970048401109"
"808","제일"," 사당동 240-15","37.482929064456","126.969520916132"
"809","길음뉴타운4단지(e편한세상)"," 길음동 1281","37.6120673819839","127.019648869071"
"810","성원대치2단지아파트"," 개포동 12","37.4941848052623","127.075215384158"
"811","대우1","성수동2가 279-50","37.545381001259","127.065305369137"
"812","DMC우방"," 증산동 244","37.5819352063227","126.903173422548"
"813","극동"," 홍은동 454","37.6026153795328","126.950968524813"
"814","대우푸르지오"," 응암동 176","37.5974154551923","126.926148375621"
"815","신동아"," 응봉동 275","37.5502521182132","127.029501454197"
"816","현대힐스테이트 2단지"," 삼성동 50","37.5138589096778","127.051485875359"
"817","청화1"," 이태원동 22-2","37.529947960527","126.994806998596"
"818","구로두산위브"," 구로동 1278","37.4860999022608","126.890367848173"
"819","대림e-편한세상"," 신정동 1303","37.5125446630066","126.843002221826"
"820","공작"," 여의도동 21-2","37.5265164014907","126.929837681736"
"821","동성4"," 신내동 591","37.6067265670772","127.096444206008"
"822","태솔아파트2차"," 장안동 346-2","37.5689663103654","127.070785744701"
"823","신현대"," 회기동 65","37.5896046831577","127.051822428181"
"824","강변"," 가양동 1475","37.5652163063579","126.855667621933"
"825","정릉푸른마을동아"," 정릉동 210","37.6075161605071","127.01440352853"
"826","종암에스케이"," 종암동 104-1","37.6011857517073","127.036988885164"
"827","신동아"," 서빙고동 241-21","37.5180979697285","126.987501145071"
"828","은평뉴타운 우물골(두산위브8단지)"," 진관동 88","37.6362983935995","126.931505396793"
"829","래미안세레니티"," 종암동 133","37.5992448373509","127.031050089448"
"830","(792-78)"," 구로동 792-78","37.4864745939027","126.888498493309"
"831","탑건위너스빌"," 신월동 145-9","37.5348811079703","126.82966335566"
"832","아이파크"," 삼성동 87","37.5182872615614","127.059339817012"
"833","DMC파크뷰자이3단지"," 남가좌동 386","37.5731874477984","126.921481518329"
"834","세곡푸르지오"," 세곡동 533","37.4667793397486","127.092967002535"
"835","건영"," 하계동 271-3","37.6354452993831","127.064243687991"
"836","삼익아파트"," 공릉동 737","37.6269335327513","127.081943866798"
"837","삼부"," 여의도동 30-2","37.5249360133871","126.932097633851"
"838","서광등촌마을2"," 등촌동 638","37.5578771499458","126.857444510012"
"839","주공5"," 등촌동 695","37.5604516606831","126.84486883674"
"840","신반포4"," 잠원동 70","37.5083533094199","127.005979601371"
"841","신촌태영데시앙"," 창전동 439","37.5533695721542","126.930978507582"
"842","올림픽훼밀리타운"," 문정동 150","37.4885199252165","127.114377260406"
"843","파크리오"," 신천동 17","37.5205366173754","127.10615089337"
"844","롯데캐슬위너"," 목동 956","37.5468252120401","126.867150717582"
"845","목동센트럴푸르지오"," 목동 404-13","37.5237134838621","126.876711432618"
"846","6.7디벨리움"," 공릉동 670-7","37.618296858122","127.076566251997"
"847","푸른솔"," 역촌동 19-4","37.6067614584601","126.919578617204"
"848","한신"," 잠원동 56-3","37.5159685270588","127.010781546722"
"849","태청"," 망원동 501","37.555788292776","126.906716105074"
"850","반포자이"," 반포동 20-43","37.5063518132638","127.011034636758"
"851","반포두산힐스빌"," 반포동 54-5","37.5013619590358","127.009970501373"
"852","삼성산주공(주공3단지)"," 신림동 1714","37.46250743022","126.926129237992"
"853","흑석한강푸르지오"," 흑석동 336","37.5032115047724","126.965442177199"
"854","르메이에르"," 사당동 1141","37.4784000745739","126.973741366771"
"855","미성2차"," 압구정동 397","37.5239469817757","127.018254311656"
"856","대우"," 창동 804","37.6423706175541","127.037531292722"
"857","길훈"," 신월동 341-1","37.5236449874919","126.830908959617"
"858","상계주공16(고층)"," 상계동 624","37.6687833155991","127.053725187886"
"859","한신서래"," 반포동 70-1","37.4991035542235","127.000884124091"
"860","상암월드컵파크2단지"," 상암동 1637","37.5748398903005","126.891577074081"
"861","길성그랑프리텔아파트"," 공릉동 753","37.6279421470055","127.070874943339"
"862","월곡두산위브"," 하월곡동 222","37.607033098723","127.038365407563"
"863","동아빌라트1"," 서초동 1678-1","37.4951545642779","127.019403115783"
"864","백련산힐스테이트2차"," 응암동 760","37.5908269199714","126.923546818296"
"865","동아에코빌"," 상월곡동 101","37.6078992370885","127.045423992015"
"866","엠브이아파트"," 반포동 46","37.4992010512641","127.010261190544"
"867","학여울청구"," 하계동 354","37.636349632113","127.061339558817"
"868","목동힐스테이트"," 신정동 1323","37.5203061709519","126.856457667129"
"869","럭키"," 구로동 1257","37.4920113656363","126.894070412809"
"870","창동주공3단지(해등마을)"," 창동 347","37.6500631583751","127.04420113616"
"871","더샵서초"," 서초동 1445-14","37.4835416563974","127.017676100063"
"872","신림2차푸르지오"," 신림동 1736","37.4613442263637","126.919908571535"
"873","마곡수명산파크6단지"," 내발산동 759","37.5503706507753","126.825729445463"
"874","삼성"," 도곡동 161","37.488629639007","127.046324549162"
"875","삼익2차아파트"," 공릉동 754","37.6259574192856","127.080613565961"
"876","한신"," 청량리동 60","37.5879992451232","127.04920145701"
"877","신동아아파트1"," 방학동 271-1","37.6609347988243","127.0267260331"
"878","밤섬경남아너스빌"," 신수동 459","37.5467372521601","126.93630235903"
"879","우성1"," 대림동 762-1","37.4963770821984","126.90089916339"
"880","보화2차"," 거여동 258-7","37.490283460038","127.148839183603"
"881","마곡푸르지오"," 방화동 890","37.570029094637","126.821790414058"
"882","동신"," 하월곡동 219","37.6044079465985","127.035278405071"
"883","백련산힐스테이트2차"," 응암동 760","37.5908269199714","126.923546818296"
"884","현대홈타운"," 개봉동 480","37.4916167844078","126.861624228247"
